cells,Latitude,Longitude,Date.x,Rainfall,MDate,FID,Work_No,Date.y,Standing_W,Easting,Northing,Elevation..m.,Slope..degree.,Wetness.index,MRVBF,Lithology,Yield Description,Drilled Depth,Salinity
21,-34.6475999999999,148.1184,1968-02-15,0,1968-02-01,294,GW022280,1968-02-19,10.88,602497,6165465,393,2.9962399,6.1106601,3,3,NA,0,NA
21,-34.6475999999999,148.1184,1968-09-16,18.199999999999818,1968-09-01,290,GW022280,1968-09-19,10.3699999999999,602497,6165465,393,2.9962399,6.1106601,3,3,NA,0,NA
21,-34.6475999999999,148.1184,1971-01-16,49.899999999999636,1971-01-01,300,GW022280,1971-01-15,10.06,602497,6165465,393,2.9962399,6.1106601,3,3,NA,0,NA
21,-34.6475999999999,148.1184,1973-01-16,38.899999999999636,1973-01-01,346,GW022280,1973-01-08,11.2799999999999,602497,6165465,393,2.9962399,6.1106601,3,3,NA,0,NA
29,-34.7068,148.0804,1974-02-15,67.69999999999982,1974-02-01,33,GW014595,1974-02-15,7.41,598939,6158942,320,0.739595,7.92557,4,1,NA,13.1,NA
29,-34.7008999999999,148.088699999999,1974-02-15,67.69999999999982,1974-02-01,117,GW020081,1974-02-15,10.1099999999999,599709,6159581,325,0.327336,9.6672802,4,1,NA,0,NA
29,-34.7029,148.0815,1974-02-15,67.69999999999982,1974-02-01,215,GW020352,1974-02-15,8.9,599045,6159372,321,0.654672,8.2234802,3,1,NA,0,NA
29,-34.7068,148.0804,1974-03-16,10.099999999999909,1974-03-01,90,GW014595,1974-03-12,7.45,598939,6158942,320,0.739595,7.92557,4,1,NA,13.1,NA
29,-34.7008999999999,148.088699999999,1974-03-16,10.099999999999909,1974-03-01,199,GW020081,1974-03-12,10.1999999999999,599709,6159581,325,0.327336,9.6672802,4,1,NA,0,NA
29,-34.7029,148.0815,1974-03-16,10.099999999999909,1974-03-01,269,GW020352,1974-03-12,8.88,599045,6159372,321,0.654672,8.2234802,3,1,NA,0,NA
29,-34.7068,148.0804,1974-05-16,62.399999999999636,1974-05-01,82,GW014595,1974-05-13,6.5,598939,6158942,320,0.739595,7.92557,4,1,NA,13.1,NA
29,-34.7008999999999,148.088699999999,1974-05-16,62.399999999999636,1974-05-01,190,GW020081,1974-05-13,9.9,599709,6159581,325,0.327336,9.6672802,4,1,NA,0,NA
29,-34.7029,148.0815,1974-05-16,62.399999999999636,1974-05-01,263,GW020352,1974-05-13,8.19999999999999,599045,6159372,321,0.654672,8.2234802,3,1,NA,0,NA
29,-34.7008999999999,148.088699999999,1974-06-16,23,1974-06-01,138,GW020081,1974-06-25,9.3,599709,6159581,325,0.327336,9.6672802,4,1,NA,0,NA
29,-34.7029,148.0815,1974-06-16,23,1974-06-01,240,GW020352,1974-06-26,7.7,599045,6159372,321,0.654672,8.2234802,3,1,NA,0,NA
29,-34.7008999999999,148.088699999999,1974-07-16,99.59999999999991,1974-07-01,195,GW020081,1974-07-11,9.19999999999999,599709,6159581,325,0.327336,9.6672802,4,1,NA,0,NA
29,-34.7029,148.0815,1974-07-16,99.59999999999991,1974-07-01,271,GW020352,1974-07-11,7.65,599045,6159372,321,0.654672,8.2234802,3,1,NA,0,NA
29,-34.7008999999999,148.088699999999,1974-08-16,72.79999999999973,1974-08-01,152,GW020081,1974-08-08,8.9,599709,6159581,325,0.327336,9.6672802,4,1,NA,0,NA
29,-34.7029,148.0815,1974-08-16,72.79999999999973,1974-08-01,267,GW020352,1974-08-08,6.95,599045,6159372,321,0.654672,8.2234802,3,1,NA,0,NA
29,-34.7068,148.0804,1974-10-16,187.79999999999973,1974-10-01,38,GW014595,1974-10-31,0.47,598939,6158942,320,0.739595,7.92557,4,1,NA,13.1,NA
29,-34.7068,148.0804,1974-12-16,5.199999999999818,1974-12-01,87,GW014595,1974-12-09,1.25,598939,6158942,320,0.739595,7.92557,4,1,NA,13.1,NA
29,-34.7008999999999,148.088699999999,1974-12-16,5.199999999999818,1974-12-01,188,GW020081,1974-12-09,7.9,599709,6159581,325,0.327336,9.6672802,4,1,NA,0,NA
29,-34.7068,148.0804,1975-01-16,36.399999999999636,1975-01-01,65,GW014595,1975-01-03,1.77,598939,6158942,320,0.739595,7.92557,4,1,NA,13.1,NA
29,-34.7008999999999,148.088699999999,1975-01-16,36.399999999999636,1975-01-01,166,GW020081,1975-01-03,8.17,599709,6159581,325,0.327336,9.6672802,4,1,NA,0,NA
29,-34.7068,148.0804,1975-02-15,45.09999999999991,1975-02-01,83,GW014595,1975-02-13,1.69,598939,6158942,320,0.739595,7.92557,4,1,NA,13.1,NA
29,-34.7008999999999,148.088699999999,1975-02-15,45.09999999999991,1975-02-01,175,GW020081,1975-02-13,7.7,599709,6159581,325,0.327336,9.6672802,4,1,NA,0,NA
29,-34.7029,148.0815,1975-02-15,45.09999999999991,1975-02-01,277,GW020352,1975-02-13,4.35,599045,6159372,321,0.654672,8.2234802,3,1,NA,0,NA
29,-34.7008999999999,148.088699999999,1975-04-16,21.5,1975-04-01,177,GW020081,1975-04-09,7.66,599709,6159581,325,0.327336,9.6672802,4,1,NA,0,NA
29,-34.7029,148.0815,1975-04-16,21.5,1975-04-01,275,GW020352,1975-04-09,4.55,599045,6159372,321,0.654672,8.2234802,3,1,NA,0,NA
29,-34.7008999999999,148.088699999999,1975-05-16,23.399999999999636,1975-05-01,147,GW020081,1975-05-21,7.53,599709,6159581,325,0.327336,9.6672802,4,1,NA,0,NA
29,-34.7029,148.0815,1975-05-16,23.399999999999636,1975-05-01,236,GW020352,1975-05-21,4.55,599045,6159372,321,0.654672,8.2234802,3,1,NA,0,NA
29,-34.7008999999999,148.088699999999,1975-06-16,13.099999999999909,1975-06-01,191,GW020081,1975-06-09,7.5,599709,6159581,325,0.327336,9.6672802,4,1,NA,0,NA
29,-34.7029,148.0815,1975-06-16,13.099999999999909,1975-06-01,273,GW020352,1975-06-09,4.7,599045,6159372,321,0.654672,8.2234802,3,1,NA,0,NA
29,-34.7008999999999,148.088699999999,1975-08-16,69.09999999999991,1975-08-01,149,GW020081,1975-08-14,7.47,599709,6159581,325,0.327336,9.6672802,4,1,NA,0,NA
29,-34.7029,148.0815,1975-08-16,69.09999999999991,1975-08-01,257,GW020352,1975-08-14,4.68,599045,6159372,321,0.654672,8.2234802,3,1,NA,0,NA
29,-34.7008999999999,148.088699999999,1975-09-16,90.39999999999964,1975-09-01,111,GW020081,1975-09-16,7.2,599709,6159581,325,0.327336,9.6672802,4,1,NA,0,NA
29,-34.7029,148.0815,1975-09-16,90.39999999999964,1975-09-01,211,GW020352,1975-09-16,4.4,599045,6159372,321,0.654672,8.2234802,3,1,NA,0,NA
29,-34.7008999999999,148.088699999999,1975-10-16,121,1975-10-01,110,GW020081,1975-10-16,7.11,599709,6159581,325,0.327336,9.6672802,4,1,NA,0,NA
29,-34.7029,148.0815,1975-10-16,121,1975-10-01,210,GW020352,1975-10-16,4.5,599045,6159372,321,0.654672,8.2234802,3,1,NA,0,NA
29,-34.7008999999999,148.088699999999,1976-01-16,112,1976-01-01,155,GW020081,1976-01-07,6.98,599709,6159581,325,0.327336,9.6672802,4,1,NA,0,NA
29,-34.7029,148.0815,1976-01-16,112,1976-01-01,242,GW020352,1976-01-07,4.46,599045,6159372,321,0.654672,8.2234802,3,1,NA,0,NA
29,-34.7008999999999,148.088699999999,1977-02-15,94.29999999999973,1977-02-01,176,GW020081,1977-02-04,6.4,599709,6159581,325,0.327336,9.6672802,4,1,NA,0,NA
29,-34.7029,148.0815,1977-02-15,94.29999999999973,1977-02-01,247,GW020352,1977-02-04,4.6,599045,6159372,321,0.654672,8.2234802,3,1,NA,0,NA
29,-34.7068,148.0804,1977-12-16,1.2999999999997272,1977-12-01,53,GW014595,1977-12-21,4.52,598939,6158942,320,0.739595,7.92557,4,1,NA,13.1,NA
29,-34.7008999999999,148.088699999999,1977-12-16,1.2999999999997272,1977-12-01,145,GW020081,1977-12-21,6.4,599709,6159581,325,0.327336,9.6672802,4,1,NA,0,NA
29,-34.7029,148.0815,1977-12-16,1.2999999999997272,1977-12-01,235,GW020352,1977-12-21,5.6,599045,6159372,321,0.654672,8.2234802,3,1,NA,0,NA
29,-34.7068,148.0804,1978-02-15,0.09999999999990905,1978-02-01,30,GW014595,1978-02-16,4.83,598939,6158942,320,0.739595,7.92557,4,1,NA,13.1,NA
29,-34.7008999999999,148.088699999999,1978-02-15,0.09999999999990905,1978-02-01,115,GW020081,1978-02-16,6.59,599709,6159581,325,0.327336,9.6672802,4,1,NA,0,NA
29,-34.7029,148.0815,1978-02-15,0.09999999999990905,1978-02-01,214,GW020352,1978-02-16,5.89,599045,6159372,321,0.654672,8.2234802,3,1,NA,0,NA
29,-34.7068,148.0804,1978-03-16,38.59999999999991,1978-03-01,86,GW014595,1978-03-14,5.03,598939,6158942,320,0.739595,7.92557,4,1,NA,13.1,NA
29,-34.7008999999999,148.088699999999,1978-03-16,38.59999999999991,1978-03-01,178,GW020081,1978-03-14,6.7,599709,6159581,325,0.327336,9.6672802,4,1,NA,0,NA
29,-34.7029,148.0815,1978-03-16,38.59999999999991,1978-03-01,261,GW020352,1978-03-14,6.07,599045,6159372,321,0.654672,8.2234802,3,1,NA,0,NA
29,-34.7068,148.0804,1978-04-16,28.199999999999818,1978-04-01,67,GW014595,1978-04-13,5.13,598939,6158942,320,0.739595,7.92557,4,1,NA,13.1,NA
29,-34.7008999999999,148.088699999999,1978-04-16,28.199999999999818,1978-04-01,183,GW020081,1978-04-13,6.73,599709,6159581,325,0.327336,9.6672802,4,1,NA,0,NA
29,-34.7029,148.0815,1978-04-16,28.199999999999818,1978-04-01,264,GW020352,1978-04-13,6.15,599045,6159372,321,0.654672,8.2234802,3,1,NA,0,NA
29,-34.7068,148.0804,1978-05-16,101.19999999999982,1978-05-01,60,GW014595,1978-05-05,0,598939,6158942,320,0.739595,7.92557,4,1,NA,13.1,NA
29,-34.7008999999999,148.088699999999,1978-05-16,101.19999999999982,1978-05-01,159,GW020081,1978-05-05,0,599709,6159581,325,0.327336,9.6672802,4,1,NA,0,NA
29,-34.7029,148.0815,1978-05-16,101.19999999999982,1978-05-01,265,GW020352,1978-05-05,0,599045,6159372,321,0.654672,8.2234802,3,1,NA,0,NA
29,-34.7068,148.0804,1978-06-16,61.5,1978-06-01,27,GW014595,1978-06-19,0,598939,6158942,320,0.739595,7.92557,4,1,NA,13.1,NA
29,-34.7008999999999,148.088699999999,1978-06-16,61.5,1978-06-01,99,GW020081,1978-06-19,0,599709,6159581,325,0.327336,9.6672802,4,1,NA,0,NA
29,-34.7029,148.0815,1978-06-16,61.5,1978-06-01,238,GW020352,1978-06-19,0,599045,6159372,321,0.654672,8.2234802,3,1,NA,0,NA
29,-34.7068,148.0804,1978-07-16,76.5,1978-07-01,92,GW014595,1978-07-12,0,598939,6158942,320,0.739595,7.92557,4,1,NA,13.1,NA
29,-34.7008999999999,148.088699999999,1978-07-16,76.5,1978-07-01,186,GW020081,1978-07-12,0,599709,6159581,325,0.327336,9.6672802,4,1,NA,0,NA
29,-34.7029,148.0815,1978-07-16,76.5,1978-07-01,260,GW020352,1978-07-12,0,599045,6159372,321,0.654672,8.2234802,3,1,NA,0,NA
29,-34.7068,148.0804,1978-08-16,32.19999999999982,1978-08-01,84,GW014595,1978-08-10,5.12,598939,6158942,320,0.739595,7.92557,4,1,NA,13.1,NA
29,-34.7008999999999,148.088699999999,1978-08-16,32.19999999999982,1978-08-01,193,GW020081,1978-08-10,6.63,599709,6159581,325,0.327336,9.6672802,4,1,NA,0,NA
29,-34.7029,148.0815,1978-08-16,32.19999999999982,1978-08-01,272,GW020352,1978-08-10,6.15,599045,6159372,321,0.654672,8.2234802,3,1,NA,0,NA
29,-34.7068,148.0804,1978-09-16,141.0999999999999,1978-09-01,78,GW014595,1978-09-14,1.6,598939,6158942,320,0.739595,7.92557,4,1,NA,13.1,NA
29,-34.7008999999999,148.088699999999,1978-09-16,141.0999999999999,1978-09-01,125,GW020081,1978-09-14,6.58,599709,6159581,325,0.327336,9.6672802,4,1,NA,0,NA
29,-34.7029,148.0815,1978-09-16,141.0999999999999,1978-09-01,222,GW020352,1978-09-14,5.54,599045,6159372,321,0.654672,8.2234802,3,1,NA,0,NA
29,-34.7068,148.0804,1978-10-16,44.29999999999973,1978-10-01,59,GW014595,1978-10-05,0,598939,6158942,320,0.739595,7.92557,4,1,NA,13.1,NA
29,-34.7008999999999,148.088699999999,1978-10-16,44.29999999999973,1978-10-01,158,GW020081,1978-10-05,6.45,599709,6159581,325,0.327336,9.6672802,4,1,NA,0,NA
29,-34.7029,148.0815,1978-10-16,44.29999999999973,1978-10-01,244,GW020352,1978-10-05,5.03,599045,6159372,321,0.654672,8.2234802,3,1,NA,0,NA
29,-34.7068,148.0804,1978-11-16,59.29999999999973,1978-11-01,63,GW014595,1978-11-08,0,598939,6158942,320,0.739595,7.92557,4,1,NA,13.1,NA
29,-34.7008999999999,148.088699999999,1978-11-16,59.29999999999973,1978-11-01,151,GW020081,1978-11-08,0,599709,6159581,325,0.327336,9.6672802,4,1,NA,0,NA
29,-34.7029,148.0815,1978-11-16,59.29999999999973,1978-11-01,279,GW020352,1978-11-08,0,599045,6159372,321,0.654672,8.2234802,3,1,NA,0,NA
29,-34.7068,148.0804,1978-12-16,75.29999999999973,1978-12-01,69,GW014595,1978-12-01,0,598939,6158942,320,0.739595,7.92557,4,1,NA,13.1,NA
29,-34.7008999999999,148.088699999999,1978-12-16,75.29999999999973,1978-12-01,170,GW020081,1978-12-01,0,599709,6159581,325,0.327336,9.6672802,4,1,NA,0,NA
29,-34.7029,148.0815,1978-12-16,75.29999999999973,1978-12-01,252,GW020352,1978-12-01,0,599045,6159372,321,0.654672,8.2234802,3,1,NA,0,NA
29,-34.7068,148.0804,1979-01-16,15.299999999999727,1979-01-01,74,GW014595,1979-01-04,0,598939,6158942,320,0.739595,7.92557,4,1,NA,13.1,NA
29,-34.7008999999999,148.088699999999,1979-01-16,15.299999999999727,1979-01-01,163,GW020081,1979-01-04,6.23,599709,6159581,325,0.327336,9.6672802,4,1,NA,0,NA
29,-34.7029,148.0815,1979-01-16,15.299999999999727,1979-01-01,248,GW020352,1979-01-04,5.1,599045,6159372,321,0.654672,8.2234802,3,1,NA,0,NA
29,-34.7068,148.0804,1979-02-15,4.299999999999727,1979-02-01,17,GW014595,1979-02-16,3.97,598939,6158942,320,0.739595,7.92557,4,1,NA,13.1,NA
29,-34.7008999999999,148.088699999999,1979-02-15,4.299999999999727,1979-02-01,114,GW020081,1979-02-16,6.33,599709,6159581,325,0.327336,9.6672802,4,1,NA,0,NA
29,-34.7029,148.0815,1979-02-15,4.299999999999727,1979-02-01,219,GW020352,1979-02-16,5.19,599045,6159372,321,0.654672,8.2234802,3,1,NA,0,NA
29,-34.7068,148.0804,1979-04-16,107.39999999999964,1979-04-01,62,GW014595,1979-04-04,4.25,598939,6158942,320,0.739595,7.92557,4,1,NA,13.1,NA
29,-34.7008999999999,148.088699999999,1979-04-16,107.39999999999964,1979-04-01,161,GW020081,1979-04-04,6.41,599709,6159581,325,0.327336,9.6672802,4,1,NA,0,NA
29,-34.7029,148.0815,1979-04-16,107.39999999999964,1979-04-01,246,GW020352,1979-04-04,5.39,599045,6159372,321,0.654672,8.2234802,3,1,NA,0,NA
29,-34.7068,148.0804,1979-05-16,56.59999999999991,1979-05-01,73,GW014595,1979-05-01,4.35,598939,6158942,320,0.739595,7.92557,4,1,NA,13.1,NA
29,-34.7008999999999,148.088699999999,1979-05-16,56.59999999999991,1979-05-01,192,GW020081,1979-05-01,6.38,599709,6159581,325,0.327336,9.6672802,4,1,NA,0,NA
29,-34.7029,148.0815,1979-05-16,56.59999999999991,1979-05-01,256,GW020352,1979-05-01,5.46,599045,6159372,321,0.654672,8.2234802,3,1,NA,0,NA
29,-34.7068,148.0804,1979-06-16,10.299999999999727,1979-06-01,72,GW014595,1979-06-01,4.46,598939,6158942,320,0.739595,7.92557,4,1,NA,13.1,NA
29,-34.7008999999999,148.088699999999,1979-06-16,10.299999999999727,1979-06-01,173,GW020081,1979-06-01,6.39,599709,6159581,325,0.327336,9.6672802,4,1,NA,0,NA
29,-34.7029,148.0815,1979-06-16,10.299999999999727,1979-06-01,255,GW020352,1979-06-01,5.55,599045,6159372,321,0.654672,8.2234802,3,1,NA,0,NA
29,-34.7068,148.0804,1979-07-16,19.09999999999991,1979-07-01,28,GW014595,1979-07-16,4.58,598939,6158942,320,0.739595,7.92557,4,1,NA,13.1,NA
29,-34.7008999999999,148.088699999999,1979-07-16,19.09999999999991,1979-07-01,113,GW020081,1979-07-16,6.37,599709,6159581,325,0.327336,9.6672802,4,1,NA,0,NA
29,-34.7029,148.0815,1979-07-16,19.09999999999991,1979-07-01,212,GW020352,1979-07-16,5.64,599045,6159372,321,0.654672,8.2234802,3,1,NA,0,NA
29,-34.7068,148.0804,1979-08-16,48.69999999999982,1979-08-01,58,GW014595,1979-08-06,4.57,598939,6158942,320,0.739595,7.92557,4,1,NA,13.1,NA
29,-34.7008999999999,148.088699999999,1979-08-16,48.69999999999982,1979-08-01,157,GW020081,1979-08-06,6.33,599709,6159581,325,0.327336,9.6672802,4,1,NA,0,NA
29,-34.7029,148.0815,1979-08-16,48.69999999999982,1979-08-01,251,GW020352,1979-08-06,5.6,599045,6159372,321,0.654672,8.2234802,3,1,NA,0,NA
29,-34.7068,148.0804,1979-09-16,53,1979-09-01,24,GW014595,1979-09-17,4.67,598939,6158942,320,0.739595,7.92557,4,1,NA,13.1,NA
29,-34.7008999999999,148.088699999999,1979-09-16,53,1979-09-01,107,GW020081,1979-09-17,6.38,599709,6159581,325,0.327336,9.6672802,4,1,NA,0,NA
29,-34.7029,148.0815,1979-09-16,53,1979-09-01,205,GW020352,1979-09-17,5.62,599045,6159372,321,0.654672,8.2234802,3,1,NA,0,NA
29,-34.7068,148.0804,1979-10-16,31.299999999999727,1979-10-01,34,GW014595,1979-10-16,0,598939,6158942,320,0.739595,7.92557,4,1,NA,13.1,NA
29,-34.7008999999999,148.088699999999,1979-10-16,31.299999999999727,1979-10-01,98,GW020081,1979-10-16,6.41,599709,6159581,325,0.327336,9.6672802,4,1,NA,0,NA
29,-34.7029,148.0815,1979-10-16,31.299999999999727,1979-10-01,208,GW020352,1979-10-16,5.7,599045,6159372,321,0.654672,8.2234802,3,1,NA,0,NA
29,-34.7068,148.0804,1979-11-16,23.899999999999636,1979-11-01,57,GW014595,1979-11-06,0,598939,6158942,320,0.739595,7.92557,4,1,NA,13.1,NA
29,-34.7008999999999,148.088699999999,1979-11-16,23.899999999999636,1979-11-01,156,GW020081,1979-11-06,6.46,599709,6159581,325,0.327336,9.6672802,4,1,NA,0,NA
29,-34.7029,148.0815,1979-11-16,23.899999999999636,1979-11-01,243,GW020352,1979-11-06,5.76,599045,6159372,321,0.654672,8.2234802,3,1,NA,0,NA
29,-34.7068,148.0804,1979-12-16,0,1979-12-01,64,GW014595,1979-12-03,0,598939,6158942,320,0.739595,7.92557,4,1,NA,13.1,NA
29,-34.7008999999999,148.088699999999,1979-12-16,0,1979-12-01,164,GW020081,1979-12-03,6.54,599709,6159581,325,0.327336,9.6672802,4,1,NA,0,NA
29,-34.7029,148.0815,1979-12-16,0,1979-12-01,259,GW020352,1979-12-03,0,599045,6159372,321,0.654672,8.2234802,3,1,NA,0,NA
29,-34.7068,148.0804,1980-01-16,48.399999999999636,1980-01-01,26,GW014595,1980-01-17,5.02,598939,6158942,320,0.739595,7.92557,4,1,NA,13.1,NA
29,-34.7008999999999,148.088699999999,1980-01-16,48.399999999999636,1980-01-01,108,GW020081,1980-01-17,6.65,599709,6159581,325,0.327336,9.6672802,4,1,NA,0,NA
29,-34.7029,148.0815,1980-01-16,48.399999999999636,1980-01-01,207,GW020352,1980-01-17,5.92,599045,6159372,321,0.654672,8.2234802,3,1,NA,0,NA
29,-34.7068,148.0804,1980-02-15,27.5,1980-02-01,47,GW014595,1980-02-26,5.18,598939,6158942,320,0.739595,7.92557,4,1,NA,13.1,NA
29,-34.7008999999999,148.088699999999,1980-02-15,27.5,1980-02-01,123,GW020081,1980-02-26,6.74,599709,6159581,325,0.327336,9.6672802,4,1,NA,0,NA
29,-34.7029,148.0815,1980-02-15,27.5,1980-02-01,230,GW020352,1980-02-26,6.05,599045,6159372,321,0.654672,8.2234802,3,1,NA,0,NA
29,-34.7068,148.0804,1980-04-16,23.59999999999991,1980-04-01,79,GW014595,1980-04-14,5.31,598939,6158942,320,0.739595,7.92557,4,1,NA,13.1,NA
29,-34.7008999999999,148.088699999999,1980-04-16,23.59999999999991,1980-04-01,184,GW020081,1980-04-14,6.75,599709,6159581,325,0.327336,9.6672802,4,1,NA,0,NA
29,-34.7029,148.0815,1980-04-16,23.59999999999991,1980-04-01,258,GW020352,1980-04-14,6.1,599045,6159372,321,0.654672,8.2234802,3,1,NA,0,NA
29,-34.7068,148.0804,1980-05-16,96.59999999999991,1980-05-01,23,GW014595,1980-05-19,5.37,598939,6158942,320,0.739595,7.92557,4,1,NA,13.1,NA
29,-34.7008999999999,148.088699999999,1980-05-16,96.59999999999991,1980-05-01,101,GW020081,1980-05-19,6.75,599709,6159581,325,0.327336,9.6672802,4,1,NA,0,NA
29,-34.7029,148.0815,1980-05-16,96.59999999999991,1980-05-01,231,GW020352,1980-05-19,6.16,599045,6159372,321,0.654672,8.2234802,3,1,NA,0,NA
29,-34.7068,148.0804,1980-07-16,69.39999999999964,1980-07-01,56,GW014595,1980-07-08,5.34,598939,6158942,320,0.739595,7.92557,4,1,NA,13.1,NA
29,-34.7008999999999,148.088699999999,1980-07-16,69.39999999999964,1980-07-01,153,GW020081,1980-07-08,6.65,599709,6159581,325,0.327336,9.6672802,4,1,NA,0,NA
29,-34.7029,148.0815,1980-07-16,69.39999999999964,1980-07-01,249,GW020352,1980-07-08,6.17,599045,6159372,321,0.654672,8.2234802,3,1,NA,0,NA
29,-34.7068,148.0804,1980-08-16,46.399999999999636,1980-08-01,40,GW014595,1980-08-29,5.24,598939,6158942,320,0.739595,7.92557,4,1,NA,13.1,NA
29,-34.7008999999999,148.088699999999,1980-08-16,46.399999999999636,1980-08-01,119,GW020081,1980-08-29,6.62,599709,6159581,325,0.327336,9.6672802,4,1,NA,0,NA
29,-34.7029,148.0815,1980-08-16,46.399999999999636,1980-08-01,223,GW020352,1980-08-29,6.3,599045,6159372,321,0.654672,8.2234802,3,1,NA,0,NA
29,-34.7068,148.0804,1980-09-16,37.19999999999982,1980-09-01,52,GW014595,1980-09-22,5.3,598939,6158942,320,0.739595,7.92557,4,1,NA,13.1,NA
29,-34.7008999999999,148.088699999999,1980-09-16,37.19999999999982,1980-09-01,144,GW020081,1980-09-22,6.62,599709,6159581,325,0.327336,9.6672802,4,1,NA,0,NA
29,-34.7029,148.0815,1980-09-16,37.19999999999982,1980-09-01,234,GW020352,1980-09-22,6.28,599045,6159372,321,0.654672,8.2234802,3,1,NA,0,NA
29,-34.7068,148.0804,1980-11-16,13,1980-11-01,89,GW014595,1980-11-11,5.41,598939,6158942,320,0.739595,7.92557,4,1,NA,13.1,NA
29,-34.7008999999999,148.088699999999,1980-11-16,13,1980-11-01,196,GW020081,1980-11-11,6.68,599709,6159581,325,0.327336,9.6672802,4,1,NA,0,NA
29,-34.7029,148.0815,1980-11-16,13,1980-11-01,270,GW020352,1980-11-11,6.39,599045,6159372,321,0.654672,8.2234802,3,1,NA,0,NA
29,-34.7068,148.0804,1980-12-16,97.69999999999982,1980-12-01,66,GW014595,1980-12-02,0,598939,6158942,320,0.739595,7.92557,4,1,NA,13.1,NA
29,-34.7008999999999,148.088699999999,1980-12-16,97.69999999999982,1980-12-01,167,GW020081,1980-12-02,6.72,599709,6159581,325,0.327336,9.6672802,4,1,NA,0,NA
29,-34.7029,148.0815,1980-12-16,97.69999999999982,1980-12-01,250,GW020352,1980-12-02,6.2,599045,6159372,321,0.654672,8.2234802,3,1,NA,0,NA
29,-34.7068,148.0804,1981-01-16,55.19999999999982,1981-01-01,36,GW014595,1981-01-13,4.99,598939,6158942,320,0.739595,7.92557,4,1,NA,13.1,NA
29,-34.7008999999999,148.088699999999,1981-01-16,55.19999999999982,1981-01-01,185,GW020081,1981-01-13,6.75,599709,6159581,325,0.327336,9.6672802,4,1,NA,0,NA
29,-34.7029,148.0815,1981-01-16,55.19999999999982,1981-01-01,266,GW020352,1981-01-13,6.25,599045,6159372,321,0.654672,8.2234802,3,1,NA,0,NA
29,-34.7068,148.0804,1981-02-15,76.19999999999982,1981-02-01,21,GW014595,1981-02-19,5.29,598939,6158942,320,0.739595,7.92557,4,1,NA,13.1,NA
29,-34.7008999999999,148.088699999999,1981-02-15,76.19999999999982,1981-02-01,104,GW020081,1981-02-19,6.74,599709,6159581,325,0.327336,9.6672802,4,1,NA,0,NA
29,-34.7029,148.0815,1981-02-15,76.19999999999982,1981-02-01,209,GW020352,1981-02-19,6.38,599045,6159372,321,0.654672,8.2234802,3,1,NA,0,NA
29,-34.7068,148.0804,1981-03-16,13.899999999999636,1981-03-01,46,GW014595,1981-03-26,5.49,598939,6158942,320,0.739595,7.92557,4,1,NA,13.1,NA
29,-34.7008999999999,148.088699999999,1981-03-16,13.899999999999636,1981-03-01,135,GW020081,1981-03-26,6.82,599709,6159581,325,0.327336,9.6672802,4,1,NA,0,NA
29,-34.7029,148.0815,1981-03-16,13.899999999999636,1981-03-01,218,GW020352,1981-03-26,6.41,599045,6159372,321,0.654672,8.2234802,3,1,NA,0,NA
29,-34.7068,148.0804,1981-05-16,59.29999999999973,1981-05-01,35,GW014595,1981-05-27,5.6,598939,6158942,320,0.739595,7.92557,4,1,NA,13.1,NA
29,-34.7008999999999,148.088699999999,1981-05-16,59.29999999999973,1981-05-01,133,GW020081,1981-05-27,6.83,599709,6159581,325,0.327336,9.6672802,4,1,NA,0,NA
29,-34.7029,148.0815,1981-05-16,59.29999999999973,1981-05-01,228,GW020352,1981-05-27,6.5,599045,6159372,321,0.654672,8.2234802,3,1,NA,0,NA
29,-34.7068,148.0804,1981-06-16,123.79999999999973,1981-06-01,25,GW014595,1981-06-17,5.65,598939,6158942,320,0.739595,7.92557,4,1,NA,13.1,NA
29,-34.7008999999999,148.088699999999,1981-06-16,123.79999999999973,1981-06-01,198,GW020081,1981-06-17,6.84,599709,6159581,325,0.327336,9.6672802,4,1,NA,0,NA
29,-34.7029,148.0815,1981-06-16,123.79999999999973,1981-06-01,206,GW020352,1981-06-17,6.6,599045,6159372,321,0.654672,8.2234802,3,1,NA,0,NA
29,-34.7068,148.0804,1981-08-16,57.19999999999982,1981-08-01,81,GW014595,1981-08-13,2.23,598939,6158942,320,0.739595,7.92557,4,1,NA,13.1,NA
29,-34.7008999999999,148.088699999999,1981-08-16,57.19999999999982,1981-08-01,182,GW020081,1981-08-13,6.55,599709,6159581,325,0.327336,9.6672802,4,1,NA,0,NA
29,-34.7029,148.0815,1981-08-16,57.19999999999982,1981-08-01,262,GW020352,1981-08-13,5.44,599045,6159372,321,0.654672,8.2234802,3,1,NA,0,NA
29,-34.7068,148.0804,1981-09-16,28.5,1981-09-01,32,GW014595,1981-09-15,2.24,598939,6158942,320,0.739595,7.92557,4,1,NA,13.1,NA
29,-34.7008999999999,148.088699999999,1981-09-16,28.5,1981-09-01,122,GW020081,1981-09-15,6.34,599709,6159581,325,0.327336,9.6672802,4,1,NA,0,NA
29,-34.7029,148.0815,1981-09-16,28.5,1981-09-01,202,GW020352,1981-09-15,4.65,599045,6159372,321,0.654672,8.2234802,3,1,NA,0,NA
29,-34.7068,148.0804,1981-10-16,55.5,1981-10-01,80,GW014595,1981-10-13,2.56,598939,6158942,320,0.739595,7.92557,4,1,NA,13.1,NA
29,-34.7008999999999,148.088699999999,1981-10-16,55.5,1981-10-01,179,GW020081,1981-10-13,6.19,599709,6159581,325,0.327336,9.6672802,4,1,NA,0,NA
29,-34.7029,148.0815,1981-10-16,55.5,1981-10-01,221,GW020352,1981-10-13,4.53,599045,6159372,321,0.654672,8.2234802,3,1,NA,0,NA
29,-34.7068,148.0804,1981-12-16,28.59999999999991,1981-12-01,68,GW014595,1981-12-01,3.31,598939,6158942,320,0.739595,7.92557,4,1,NA,13.1,NA
29,-34.7008999999999,148.088699999999,1981-12-16,28.59999999999991,1981-12-01,169,GW020081,1981-12-01,6.07,599709,6159581,325,0.327336,9.6672802,4,1,NA,0,NA
29,-34.7029,148.0815,1981-12-16,28.59999999999991,1981-12-01,241,GW020352,1981-12-01,4.78,599045,6159372,321,0.654672,8.2234802,3,1,NA,0,NA
29,-34.7068,148.0804,1982-01-16,12.399999999999636,1982-01-01,54,GW014595,1982-01-29,3.94,598939,6158942,320,0.739595,7.92557,4,1,NA,13.1,NA
29,-34.7008999999999,148.088699999999,1982-01-16,12.399999999999636,1982-01-01,129,GW020081,1982-01-29,6.2,599709,6159581,325,0.327336,9.6672802,4,1,NA,0,NA
29,-34.7029,148.0815,1982-01-16,12.399999999999636,1982-01-01,226,GW020352,1982-01-29,5.3,599045,6159372,321,0.654672,8.2234802,3,1,NA,0,NA
29,-34.7068,148.0804,1982-03-16,107.69999999999982,1982-03-01,19,GW014595,1982-03-19,4.27,598939,6158942,320,0.739595,7.92557,4,1,NA,13.1,NA
29,-34.7008999999999,148.088699999999,1982-03-16,107.69999999999982,1982-03-01,109,GW020081,1982-03-19,6.29,599709,6159581,325,0.327336,9.6672802,4,1,NA,0,NA
29,-34.7029,148.0815,1982-03-16,107.69999999999982,1982-03-01,217,GW020352,1982-03-19,5.51,599045,6159372,321,0.654672,8.2234802,3,1,NA,0,NA
29,-34.7068,148.0804,1982-04-16,14.199999999999818,1982-04-01,45,GW014595,1982-04-20,4.28,598939,6158942,320,0.739595,7.92557,4,1,NA,13.1,NA
29,-34.7008999999999,148.088699999999,1982-04-16,14.199999999999818,1982-04-01,136,GW020081,1982-04-20,6.22,599709,6159581,325,0.327336,9.6672802,4,1,NA,0,NA
29,-34.7029,148.0815,1982-04-16,14.199999999999818,1982-04-01,237,GW020352,1982-04-20,5.34,599045,6159372,321,0.654672,8.2234802,3,1,NA,0,NA
29,-34.7068,148.0804,1982-05-16,3,1982-05-01,49,GW014595,1982-05-25,4.42,598939,6158942,320,0.739595,7.92557,4,1,NA,13.1,NA
29,-34.7008999999999,148.088699999999,1982-05-16,3,1982-05-01,139,GW020081,1982-05-25,6.21,599709,6159581,325,0.327336,9.6672802,4,1,NA,0,NA
29,-34.7029,148.0815,1982-05-16,3,1982-05-01,229,GW020352,1982-05-25,5.59,599045,6159372,321,0.654672,8.2234802,3,1,NA,0,NA
29,-34.7068,148.0804,1982-06-16,26.59999999999991,1982-06-01,41,GW014595,1982-06-29,4.51,598939,6158942,320,0.739595,7.92557,4,1,NA,13.1,NA
29,-34.7008999999999,148.088699999999,1982-06-16,26.59999999999991,1982-06-01,128,GW020081,1982-06-29,6.21,599709,6159581,325,0.327336,9.6672802,4,1,NA,0,NA
29,-34.7029,148.0815,1982-06-16,26.59999999999991,1982-06-01,224,GW020352,1982-06-29,5.49,599045,6159372,321,0.654672,8.2234802,3,1,NA,0,NA
29,-34.7068,148.0804,1982-07-16,2.399999999999636,1982-07-01,51,GW014595,1982-07-23,4.54,598939,6158942,320,0.739595,7.92557,4,1,NA,13.1,NA
29,-34.7008999999999,148.088699999999,1982-07-16,2.399999999999636,1982-07-01,143,GW020081,1982-07-23,6.18,599709,6159581,325,0.327336,9.6672802,4,1,NA,0,NA
29,-34.7029,148.0815,1982-07-16,2.399999999999636,1982-07-01,233,GW020352,1982-07-23,5.48,599045,6159372,321,0.654672,8.2234802,3,1,NA,0,NA
29,-34.7068,148.0804,1982-09-16,48.29999999999973,1982-09-01,44,GW014595,1982-09-28,4.63,598939,6158942,320,0.739595,7.92557,4,1,NA,13.1,NA
29,-34.7068,148.0804,1982-09-16,48.29999999999973,1982-09-01,71,GW014595,1982-09-01,4.61,598939,6158942,320,0.739595,7.92557,4,1,NA,13.1,NA
29,-34.7008999999999,148.088699999999,1982-09-16,48.29999999999973,1982-09-01,131,GW020081,1982-09-28,6.23,599709,6159581,325,0.327336,9.6672802,4,1,NA,0,NA
29,-34.7008999999999,148.088699999999,1982-09-16,48.29999999999973,1982-09-01,172,GW020081,1982-09-01,6.21,599709,6159581,325,0.327336,9.6672802,4,1,NA,0,NA
29,-34.7029,148.0815,1982-09-16,48.29999999999973,1982-09-01,227,GW020352,1982-09-28,6.66,599045,6159372,321,0.654672,8.2234802,3,1,NA,0,NA
29,-34.7029,148.0815,1982-09-16,48.29999999999973,1982-09-01,254,GW020352,1982-09-01,6.65,599045,6159372,321,0.654672,8.2234802,3,1,NA,0,NA
29,-34.7068,148.0804,1982-11-16,0.1999999999998181,1982-11-01,70,GW014595,1982-11-01,4.77,598939,6158942,320,0.739595,7.92557,4,1,NA,13.1,NA
29,-34.7008999999999,148.088699999999,1982-11-16,0.1999999999998181,1982-11-01,171,GW020081,1982-11-01,6.28,599709,6159581,325,0.327336,9.6672802,4,1,NA,0,NA
29,-34.7029,148.0815,1982-11-16,0.1999999999998181,1982-11-01,253,GW020352,1982-11-01,5.72,599045,6159372,321,0.654672,8.2234802,3,1,NA,0,NA
29,-34.7068,148.0804,1982-12-16,20.59999999999991,1982-12-01,55,GW014595,1982-12-14,4.93,598939,6158942,320,0.739595,7.92557,4,1,NA,13.1,NA
29,-34.7008999999999,148.088699999999,1982-12-16,20.59999999999991,1982-12-01,121,GW020081,1982-12-14,6.37,599709,6159581,325,0.327336,9.6672802,4,1,NA,0,NA
29,-34.7029,148.0815,1982-12-16,20.59999999999991,1982-12-01,213,GW020352,1982-12-14,6.05,599045,6159372,321,0.654672,8.2234802,3,1,NA,0,NA
29,-34.7068,148.0804,1983-02-15,43,1983-02-01,18,GW014595,1983-02-18,5.18,598939,6158942,320,0.739595,7.92557,4,1,NA,13.1,NA
29,-34.7008999999999,148.088699999999,1983-02-15,43,1983-02-01,106,GW020081,1983-02-18,6.54,599709,6159581,325,0.327336,9.6672802,4,1,NA,0,NA
29,-34.7029,148.0815,1983-02-15,43,1983-02-01,204,GW020352,1983-02-18,6.15,599045,6159372,321,0.654672,8.2234802,3,1,NA,0,NA
29,-34.7068,148.0804,1983-04-16,95,1983-04-01,91,GW014595,1983-04-12,0,598939,6158942,320,0.739595,7.92557,4,1,NA,13.1,NA
29,-34.7008999999999,148.088699999999,1983-04-16,95,1983-04-01,187,GW020081,1983-04-12,6.56,599709,6159581,325,0.327336,9.6672802,4,1,NA,0,NA
29,-34.7029,148.0815,1983-04-16,95,1983-04-01,268,GW020352,1983-04-12,0,599045,6159372,321,0.654672,8.2234802,3,1,NA,0,NA
29,-34.7068,148.0804,1983-05-16,130.79999999999973,1983-05-01,16,GW014595,1983-05-19,3.63,598939,6158942,320,0.739595,7.92557,4,1,NA,13.1,NA
29,-34.7008999999999,148.088699999999,1983-05-16,130.79999999999973,1983-05-01,103,GW020081,1983-05-19,6.6,599709,6159581,325,0.327336,9.6672802,4,1,NA,0,NA
29,-34.7029,148.0815,1983-05-16,130.79999999999973,1983-05-01,239,GW020352,1983-05-19,5.7,599045,6159372,321,0.654672,8.2234802,3,1,NA,0,NA
29,-34.7068,148.0804,1983-08-16,103.89999999999964,1983-08-01,88,GW014595,1983-08-11,3.07,598939,6158942,320,0.739595,7.92557,4,1,NA,13.1,NA
29,-34.7008999999999,148.088699999999,1983-08-16,103.89999999999964,1983-08-01,200,GW020081,1983-08-11,6.13,599709,6159581,325,0.327336,9.6672802,4,1,NA,0,NA
29,-34.7029,148.0815,1983-08-16,103.89999999999964,1983-08-01,276,GW020352,1983-08-11,5.21,599045,6159372,321,0.654672,8.2234802,3,1,NA,0,NA
29,-34.7068,148.0804,1983-10-16,79.5,1983-10-01,22,GW014595,1983-10-18,0,598939,6158942,320,0.739595,7.92557,4,1,NA,13.1,NA
29,-34.7008999999999,148.088699999999,1983-10-16,79.5,1983-10-01,105,GW020081,1983-10-18,0,599709,6159581,325,0.327336,9.6672802,4,1,NA,0,NA
29,-34.7029,148.0815,1983-10-16,79.5,1983-10-01,203,GW020352,1983-10-18,0,599045,6159372,321,0.654672,8.2234802,3,1,NA,0,NA
29,-34.7068,148.0804,1984-01-16,277.7999999999997,1984-01-01,77,GW014595,1984-01-09,0,598939,6158942,320,0.739595,7.92557,4,1,NA,13.1,NA
29,-34.7008999999999,148.088699999999,1984-01-16,277.7999999999997,1984-01-01,150,GW020081,1984-01-09,0,599709,6159581,325,0.327336,9.6672802,4,1,NA,0,NA
29,-34.7029,148.0815,1984-01-16,277.7999999999997,1984-01-01,278,GW020352,1984-01-09,0,599045,6159372,321,0.654672,8.2234802,3,1,NA,0,NA
29,-34.7068,148.0804,1984-04-16,109.19999999999982,1984-04-01,29,GW014595,1984-04-24,0.74,598939,6158942,320,0.739595,7.92557,4,1,NA,13.1,NA
29,-34.7008999999999,148.088699999999,1984-04-16,109.19999999999982,1984-04-01,140,GW020081,1984-04-24,4.65,599709,6159581,325,0.327336,9.6672802,4,1,NA,0,NA
29,-34.7029,148.0815,1984-04-16,109.19999999999982,1984-04-01,220,GW020352,1984-04-24,0,599045,6159372,321,0.654672,8.2234802,3,1,NA,0,NA
29,-34.7068,148.0804,1984-05-16,17.299999999999727,1984-05-01,42,GW014595,1984-05-29,0.87,598939,6158942,320,0.739595,7.92557,4,1,NA,13.1,NA
29,-34.7008999999999,148.088699999999,1984-05-16,17.299999999999727,1984-05-01,134,GW020081,1984-05-29,4.61,599709,6159581,325,0.327336,9.6672802,4,1,NA,0,NA
29,-34.7029,148.0815,1984-05-16,17.299999999999727,1984-05-01,225,GW020352,1984-05-29,0,599045,6159372,321,0.654672,8.2234802,3,1,NA,0,NA
29,-34.7068,148.0804,1984-07-16,154.5,1984-07-01,43,GW014595,1984-07-23,0.6,598939,6158942,320,0.739595,7.92557,4,1,NA,13.1,NA
29,-34.7008999999999,148.088699999999,1984-07-16,154.5,1984-07-01,142,GW020081,1984-07-23,0,599709,6159581,325,0.327336,9.6672802,4,1,NA,0,NA
29,-34.7068,148.0804,1984-10-16,62.29999999999973,1984-10-01,31,GW014595,1984-10-15,0,598939,6158942,320,0.739595,7.92557,4,1,NA,13.1,NA
29,-34.7008999999999,148.088699999999,1984-10-16,62.29999999999973,1984-10-01,116,GW020081,1984-10-15,0,599709,6159581,325,0.327336,9.6672802,4,1,NA,0,NA
29,-34.7068,148.0804,1985-02-15,1,1985-02-01,20,GW014595,1985-02-19,1.1,598939,6158942,320,0.739595,7.92557,4,1,NA,13.1,NA
29,-34.7008999999999,148.088699999999,1985-02-15,1,1985-02-01,102,GW020081,1985-02-19,3.67,599709,6159581,325,0.327336,9.6672802,4,1,NA,0,NA
29,-34.7029,148.0815,1985-02-15,1,1985-02-01,201,GW020352,1985-02-19,0,599045,6159372,321,0.654672,8.2234802,3,1,NA,0,NA
29,-34.7068,148.0804,1985-05-16,70.89999999999964,1985-05-01,85,GW014595,1985-05-09,0,598939,6158942,320,0.739595,7.92557,4,1,NA,13.1,NA
29,-34.7008999999999,148.088699999999,1985-05-16,70.89999999999964,1985-05-01,189,GW020081,1985-05-09,0,599709,6159581,325,0.327336,9.6672802,4,1,NA,0,NA
29,-34.7029,148.0815,1985-05-16,70.89999999999964,1985-05-01,274,GW020352,1985-05-09,0,599045,6159372,321,0.654672,8.2234802,3,1,NA,0,NA
29,-34.7068,148.0804,1985-08-16,139,1985-08-01,76,GW014595,1985-08-02,0,598939,6158942,320,0.739595,7.92557,4,1,NA,13.1,NA
29,-34.7008999999999,148.088699999999,1985-08-16,139,1985-08-01,168,GW020081,1985-08-02,3.58,599709,6159581,325,0.327336,9.6672802,4,1,NA,0,NA
29,-34.7068,148.0804,1985-10-16,56.09999999999991,1985-10-01,61,GW014595,1985-10-04,1.4,598939,6158942,320,0.739595,7.92557,4,1,NA,13.1,NA
29,-34.7008999999999,148.088699999999,1985-10-16,56.09999999999991,1985-10-01,174,GW020081,1985-10-04,3.41,599709,6159581,325,0.327336,9.6672802,4,1,NA,0,NA
29,-34.7029,148.0815,1985-10-16,56.09999999999991,1985-10-01,245,GW020352,1985-10-04,0,599045,6159372,321,0.654672,8.2234802,3,1,NA,0,NA
29,-34.7068,148.0804,1987-03-16,48.69999999999982,1987-03-01,50,GW014595,1987-03-24,0.75,598939,6158942,320,0.739595,7.92557,4,1,NA,13.1,NA
29,-34.7008999999999,148.088699999999,1987-03-16,48.69999999999982,1987-03-01,141,GW020081,1987-03-24,2.73,599709,6159581,325,0.327336,9.6672802,4,1,NA,0,NA
29,-34.7029,148.0815,1987-03-16,48.69999999999982,1987-03-01,232,GW020352,1987-03-24,0,599045,6159372,321,0.654672,8.2234802,3,1,NA,0,NA
29,-34.7068,148.0804,1987-08-16,52.09999999999991,1987-08-01,75,GW014595,1987-08-13,0,598939,6158942,320,0.739595,7.92557,4,1,NA,13.1,NA
29,-34.7008999999999,148.088699999999,1987-08-16,52.09999999999991,1987-08-01,181,GW020081,1987-08-13,2.1,599709,6159581,325,0.327336,9.6672802,4,1,NA,0,NA
29,-34.7068,148.0804,1987-11-16,21.699999999999818,1987-11-01,48,GW014595,1987-11-25,0,598939,6158942,320,0.739595,7.92557,4,1,NA,13.1,NA
54,-34.8714999999999,148.132299999999,1987-11-16,28.59999999999991,1987-11-01,93,GW014742,1987-11-01,5.4,603490,6140622,280,3.9421599,5.4379001,2,3,NA,36.6,NA
13,-34.5915,148.0798,1987-11-16,25.199999999999818,1987-11-01,94,GW020020,1987-11-01,7.8,599025,6171727,393,1.13828,7.9900498,3,7,NA,0,NA
29,-34.7008999999999,148.088699999999,1987-11-16,21.699999999999818,1987-11-01,137,GW020081,1987-11-25,2.57,599709,6159581,325,0.327336,9.6672802,4,1,NA,0,NA
37,-34.7665,148.0909,1987-11-16,21.799999999999727,1987-11-01,281,GW020775,1987-11-01,10.1,599834,6152308,285,0.990438,6.7207298,3,1,NA,18.3,NA
11,-34.6122999999999,147.9768,1987-11-16,25.59999999999991,1987-11-01,282,GW021206,1987-11-01,9.85,589552,6169512,404,0.555647,8.4369202,2,8,NA,41.6,NA
21,-34.6475999999999,148.1184,1987-11-16,22.699999999999818,1987-11-01,368,GW022280,1987-11-01,1.5,602497,6165465,393,2.9962399,6.1106601,3,3,NA,0,NA
29,-34.7008999999999,148.088699999999,1988-03-16,25.899999999999636,1988-03-01,154,GW020081,1988-03-07,3.35,599709,6159581,325,0.327336,9.6672802,4,1,NA,0,NA
29,-34.7008999999999,148.088699999999,1988-04-16,44.5,1988-04-01,132,GW020081,1988-04-28,3.59,599709,6159581,325,0.327336,9.6672802,4,1,NA,0,NA
29,-34.7008999999999,148.088699999999,1988-07-16,93.29999999999973,1988-07-01,118,GW020081,1988-07-19,3.24,599709,6159581,325,0.327336,9.6672802,4,1,NA,0,NA
29,-34.7008999999999,148.088699999999,1988-09-16,71.69999999999982,1988-09-01,180,GW020081,1988-09-13,2.92,599709,6159581,325,0.327336,9.6672802,4,1,NA,0,NA
29,-34.7008999999999,148.088699999999,1988-11-16,79.29999999999973,1988-11-01,126,GW020081,1988-11-30,3.3,599709,6159581,325,0.327336,9.6672802,4,1,NA,0,NA
29,-34.7008999999999,148.088699999999,1989-05-16,92.19999999999982,1989-05-01,162,GW020081,1989-05-04,1.38,599709,6159581,325,0.327336,9.6672802,4,1,NA,0,NA
29,-34.7008999999999,148.088699999999,1989-06-16,55.59999999999991,1989-06-01,146,GW020081,1989-06-21,1.17,599709,6159581,325,0.327336,9.6672802,4,1,NA,0,NA
29,-34.7068,148.0804,1989-08-16,65.89999999999964,1989-08-01,39,GW014595,1989-08-29,0,598939,6158942,320,0.739595,7.92557,4,1,NA,13.1,NA
29,-34.7008999999999,148.088699999999,1989-08-16,65.89999999999964,1989-08-01,112,GW020081,1989-08-16,1.32,599709,6159581,325,0.327336,9.6672802,4,1,NA,0,NA
29,-34.7008999999999,148.088699999999,1989-10-16,43.399999999999636,1989-10-01,194,GW020081,1989-10-10,1.67,599709,6159581,325,0.327336,9.6672802,4,1,NA,0,NA
29,-34.7008999999999,148.088699999999,1989-12-16,17.399999999999636,1989-12-01,197,GW020081,1989-12-11,2.27,599709,6159581,325,0.327336,9.6672802,4,1,NA,0,NA
29,-34.7008999999999,148.088699999999,1990-03-16,4,1990-03-01,160,GW020081,1990-03-09,2.8,599709,6159581,325,0.327336,9.6672802,4,1,NA,0,NA
29,-34.7008999999999,148.088699999999,1990-05-16,76.39999999999964,1990-05-01,148,GW020081,1990-05-26,2.57,599709,6159581,325,0.327336,9.6672802,4,1,NA,0,NA
29,-34.7008999999999,148.088699999999,1990-08-16,86.29999999999973,1990-08-01,165,GW020081,1990-08-03,1.42,599709,6159581,325,0.327336,9.6672802,4,1,NA,0,NA
29,-34.7008999999999,148.088699999999,1990-10-16,60.09999999999991,1990-10-01,124,GW020081,1990-10-16,1.67,599709,6159581,325,0.327336,9.6672802,4,1,NA,0,NA
29,-34.7008999999999,148.088699999999,1990-12-16,10.599999999999909,1990-12-01,130,GW020081,1990-12-28,2.48,599709,6159581,325,0.327336,9.6672802,4,1,NA,0,NA
29,-34.7008999999999,148.088699999999,1991-03-16,15.599999999999909,1991-03-01,100,GW020081,1991-03-19,3.11,599709,6159581,325,0.327336,9.6672802,4,1,NA,0,NA
29,-34.7008999999999,148.088699999999,1991-05-16,24.199999999999818,1991-05-01,127,GW020081,1991-05-30,3,599709,6159581,325,0.327336,9.6672802,4,1,NA,0,NA
21,-34.6475999999999,148.1184,1992-04-16,49,1992-04-01,297,GW022280,1992-04-22,1.63,602497,6165465,393,2.9962399,6.1106601,3,3,NA,0,NA
21,-34.6475999999999,148.1184,1992-05-16,26.299999999999727,1992-05-01,286,GW022280,1992-05-19,1.5,602497,6165465,393,2.9962399,6.1106601,3,3,NA,0,NA
21,-34.6475999999999,148.1184,1992-06-16,42.69999999999982,1992-06-01,288,GW022280,1992-06-19,1.3,602497,6165465,393,2.9962399,6.1106601,3,3,NA,0,NA
21,-34.6475999999999,148.1184,1992-06-16,42.69999999999982,1992-06-01,362,GW022280,1992-06-03,1.37,602497,6165465,393,2.9962399,6.1106601,3,3,NA,0,NA
21,-34.6475999999999,148.1184,1992-07-16,52.09999999999991,1992-07-01,303,GW022280,1992-07-15,1.45,602497,6165465,393,2.9962399,6.1106601,3,3,NA,0,NA
21,-34.6475999999999,148.1184,1992-08-16,89.79999999999973,1992-08-01,289,GW022280,1992-08-19,0.84,602497,6165465,393,2.9962399,6.1106601,3,3,NA,0,NA
21,-34.6475999999999,148.1184,1993-03-16,42.59999999999991,1993-03-01,360,GW022280,1993-03-04,1.45,602497,6165465,393,2.9962399,6.1106601,3,3,NA,0,NA
21,-34.6475999999999,148.1184,1993-05-16,60.399999999999636,1993-05-01,402,GW022280,1993-05-09,1.75,602497,6165465,393,2.9962399,6.1106601,3,3,NA,0,NA
21,-34.6475999999999,148.1184,1993-06-16,25.5,1993-06-01,293,GW022280,1993-06-20,1.52,602497,6165465,393,2.9962399,6.1106601,3,3,NA,0,NA
21,-34.6475999999999,148.1184,1993-06-16,25.5,1993-06-01,355,GW022280,1993-06-05,1.63,602497,6165465,393,2.9962399,6.1106601,3,3,NA,0,NA
21,-34.6475999999999,148.1184,1993-08-16,29.09999999999991,1993-08-01,361,GW022280,1993-08-03,0.56,602497,6165465,393,2.9962399,6.1106601,3,3,NA,0,NA
21,-34.6475999999999,148.1184,1993-09-16,126.39999999999964,1993-09-01,335,GW022280,1993-09-24,0.43,602497,6165465,393,2.9962399,6.1106601,3,3,NA,0,NA
21,-34.6475999999999,148.1184,1993-09-16,126.39999999999964,1993-09-01,387,GW022280,1993-09-01,0.64,602497,6165465,393,2.9962399,6.1106601,3,3,NA,0,NA
21,-34.6475999999999,148.1184,1993-10-16,89.5,1993-10-01,358,GW022280,1993-10-01,0.48,602497,6165465,393,2.9962399,6.1106601,3,3,NA,0,NA
21,-34.6475999999999,148.1184,1993-10-16,89.5,1993-10-01,389,GW022280,1993-10-09,0.33,602497,6165465,393,2.9962399,6.1106601,3,3,NA,0,NA
21,-34.6475999999999,148.1184,1993-12-16,81.29999999999973,1993-12-01,310,GW022280,1993-12-16,0.79,602497,6165465,393,2.9962399,6.1106601,3,3,NA,0,NA
21,-34.6475999999999,148.1184,1994-03-16,29.699999999999818,1994-03-01,311,GW022280,1994-03-17,1.4,602497,6165465,393,2.9962399,6.1106601,3,3,NA,0,NA
21,-34.6475999999999,148.1184,1994-03-16,29.699999999999818,1994-03-01,345,GW022280,1994-03-08,1.42,602497,6165465,393,2.9962399,6.1106601,3,3,NA,0,NA
21,-34.6475999999999,148.1184,1994-04-16,25.399999999999636,1994-04-01,340,GW022280,1994-04-23,1.5,602497,6165465,393,2.9962399,6.1106601,3,3,NA,0,NA
17,-34.6743,147.912299999999,1994-04-16,15.899999999999636,1994-04-01,409,GW023305,1994-04-08,3.01,583581,6162698,418,4.0531101,5.0963202,0,9,NA,22.9,NA
21,-34.6475999999999,148.1184,1994-05-16,7.199999999999818,1994-05-01,323,GW022280,1994-05-28,1.47,602497,6165465,393,2.9962399,6.1106601,3,3,NA,0,NA
17,-34.6743,147.912299999999,1994-05-16,3,1994-05-01,410,GW023305,1994-05-10,2.92,583581,6162698,418,4.0531101,5.0963202,0,9,NA,22.9,NA
21,-34.6475999999999,148.1184,1994-06-16,43.09999999999991,1994-06-01,312,GW022280,1994-06-17,1.37,602497,6165465,393,2.9962399,6.1106601,3,3,NA,0,NA
17,-34.6743,147.912299999999,1994-06-16,43.899999999999636,1994-06-01,407,GW023305,1994-06-23,2.8,583581,6162698,418,4.0531101,5.0963202,0,9,NA,22.9,NA
17,-34.6743,147.912299999999,1994-07-16,24.199999999999818,1994-07-01,408,GW023305,1994-07-16,2.85,583581,6162698,418,4.0531101,5.0963202,0,9,NA,22.9,NA
21,-34.6475999999999,148.1184,1994-09-16,18.899999999999636,1994-09-01,334,GW022280,1994-09-24,1.27,602497,6165465,393,2.9962399,6.1106601,3,3,NA,0,NA
21,-34.6475999999999,148.1184,1994-09-16,18.899999999999636,1994-09-01,350,GW022280,1994-09-06,1.22,602497,6165465,393,2.9962399,6.1106601,3,3,NA,0,NA
21,-34.6475999999999,148.1184,1994-10-16,44.09999999999991,1994-10-01,320,GW022280,1994-10-29,1.5,602497,6165465,393,2.9962399,6.1106601,3,3,NA,0,NA
21,-34.6475999999999,148.1184,1994-10-16,44.09999999999991,1994-10-01,365,GW022280,1994-10-02,1.22,602497,6165465,393,2.9962399,6.1106601,3,3,NA,0,NA
17,-34.6743,147.912299999999,1994-10-16,40.5,1994-10-01,406,GW023305,1994-10-01,3.4,583581,6162698,418,4.0531101,5.0963202,0,9,NA,22.9,NA
21,-34.6475999999999,148.1184,1994-11-16,45.19999999999982,1994-11-01,388,GW022280,1994-11-12,1.57,602497,6165465,393,2.9962399,6.1106601,3,3,NA,0,NA
21,-34.6475999999999,148.1184,1994-12-16,29.799999999999727,1994-12-01,322,GW022280,1994-12-28,2.13,602497,6165465,393,2.9962399,6.1106601,3,3,NA,0,NA
21,-34.6475999999999,148.1184,1994-12-16,29.799999999999727,1994-12-01,338,GW022280,1994-12-23,2.03,602497,6165465,393,2.9962399,6.1106601,3,3,NA,0,NA
21,-34.6475999999999,148.1184,1995-01-16,148.89999999999964,1995-01-01,318,GW022280,1995-01-30,2.11,602497,6165465,393,2.9962399,6.1106601,3,3,NA,0,NA
21,-34.6475999999999,148.1184,1995-01-16,148.89999999999964,1995-01-01,381,GW022280,1995-01-14,2.21,602497,6165465,393,2.9962399,6.1106601,3,3,NA,0,NA
21,-34.6475999999999,148.1184,1995-02-15,4.399999999999636,1995-02-01,341,GW022280,1995-02-23,2.41,602497,6165465,393,2.9962399,6.1106601,3,3,NA,0,NA
21,-34.6475999999999,148.1184,1995-02-15,4.399999999999636,1995-02-01,386,GW022280,1995-02-14,2.31,602497,6165465,393,2.9962399,6.1106601,3,3,NA,0,NA
21,-34.6475999999999,148.1184,1995-03-16,0,1995-03-01,353,GW022280,1995-03-06,2.51,602497,6165465,393,2.9962399,6.1106601,3,3,NA,0,NA
21,-34.6475999999999,148.1184,1995-03-16,0,1995-03-01,382,GW022280,1995-03-13,2.62,602497,6165465,393,2.9962399,6.1106601,3,3,NA,0,NA
21,-34.6475999999999,148.1184,1995-04-16,26.699999999999818,1995-04-01,374,GW022280,1995-04-12,2.79,602497,6165465,393,2.9962399,6.1106601,3,3,NA,0,NA
21,-34.6475999999999,148.1184,1995-05-16,135.19999999999982,1995-05-01,306,GW022280,1995-05-18,2.46,602497,6165465,393,2.9962399,6.1106601,3,3,NA,0,NA
21,-34.6475999999999,148.1184,1995-05-16,135.19999999999982,1995-05-01,400,GW022280,1995-05-11,2.74,602497,6165465,393,2.9962399,6.1106601,3,3,NA,0,NA
21,-34.6475999999999,148.1184,1995-06-16,68,1995-06-01,375,GW022280,1995-06-12,2.11,602497,6165465,393,2.9962399,6.1106601,3,3,NA,0,NA
21,-34.6475999999999,148.1184,1995-07-16,95.89999999999964,1995-07-01,354,GW022280,1995-07-05,1.96,602497,6165465,393,2.9962399,6.1106601,3,3,NA,0,NA
21,-34.6475999999999,148.1184,1995-07-16,95.89999999999964,1995-07-01,383,GW022280,1995-07-13,1.8,602497,6165465,393,2.9962399,6.1106601,3,3,NA,0,NA
21,-34.6475999999999,148.1184,1995-08-16,10.699999999999818,1995-08-01,339,GW022280,1995-08-23,1.22,602497,6165465,393,2.9962399,6.1106601,3,3,NA,0,NA
21,-34.6475999999999,148.1184,1995-09-16,56.69999999999982,1995-09-01,393,GW022280,1995-09-08,1.24,602497,6165465,393,2.9962399,6.1106601,3,3,NA,0,NA
21,-34.6475999999999,148.1184,1995-10-16,73.69999999999982,1995-10-01,397,GW022280,1995-10-10,1.3,602497,6165465,393,2.9962399,6.1106601,3,3,NA,0,NA
21,-34.6475999999999,148.1184,1995-11-16,139.39999999999964,1995-11-01,347,GW022280,1995-11-07,1.22,602497,6165465,393,2.9962399,6.1106601,3,3,NA,0,NA
21,-34.6475999999999,148.1184,1995-12-16,62.19999999999982,1995-12-01,349,GW022280,1995-12-06,0.84,602497,6165465,393,2.9962399,6.1106601,3,3,NA,0,NA
21,-34.6475999999999,148.1184,1996-01-16,136.5999999999999,1996-01-01,373,GW022280,1996-01-13,0.84,602497,6165465,393,2.9962399,6.1106601,3,3,NA,0,NA
21,-34.6475999999999,148.1184,1996-02-15,27.899999999999636,1996-02-01,331,GW022280,1996-02-26,1.6,602497,6165465,393,2.9962399,6.1106601,3,3,NA,0,NA
21,-34.6475999999999,148.1184,1996-03-16,10,1996-03-01,327,GW022280,1996-03-24,1.85,602497,6165465,393,2.9962399,6.1106601,3,3,NA,0,NA
21,-34.6475999999999,148.1184,1996-03-16,10,1996-03-01,344,GW022280,1996-03-08,1.7,602497,6165465,393,2.9962399,6.1106601,3,3,NA,0,NA
21,-34.6475999999999,148.1184,1996-04-16,16.399999999999636,1996-04-01,292,GW022280,1996-04-20,1.98,602497,6165465,393,2.9962399,6.1106601,3,3,NA,0,NA
21,-34.6475999999999,148.1184,1996-04-16,16.399999999999636,1996-04-01,324,GW022280,1996-04-28,2.03,602497,6165465,393,2.9962399,6.1106601,3,3,NA,0,NA
21,-34.6475999999999,148.1184,1996-04-16,16.399999999999636,1996-04-01,392,GW022280,1996-04-09,1.93,602497,6165465,393,2.9962399,6.1106601,3,3,NA,0,NA
21,-34.6475999999999,148.1184,1996-05-16,55.69999999999982,1996-05-01,396,GW022280,1996-05-10,1.98,602497,6165465,393,2.9962399,6.1106601,3,3,NA,0,NA
21,-34.6475999999999,148.1184,1996-07-16,138.79999999999973,1996-07-01,376,GW022280,1996-07-12,1.52,602497,6165465,393,2.9962399,6.1106601,3,3,NA,0,NA
21,-34.6475999999999,148.1184,1996-08-16,73.19999999999982,1996-08-01,399,GW022280,1996-08-11,0.56,602497,6165465,393,2.9962399,6.1106601,3,3,NA,0,NA
21,-34.6475999999999,148.1184,1996-09-16,84.39999999999964,1996-09-01,315,GW022280,1996-09-14,0.53,602497,6165465,393,2.9962399,6.1106601,3,3,NA,0,NA
11,-34.6122999999999,147.9768,1996-10-16,59.19999999999982,1996-10-01,284,GW021206,1996-10-15,9.1,589552,6169512,404,0.555647,8.4369202,2,8,NA,41.6,NA
18,-34.6379,147.932899999999,1996-10-16,57.09999999999991,1996-10-01,411,GW023562,1996-10-15,0,585502,6166717,418,0.998069,6.9038401,0,9,NA,30.5,NA
18,-34.6296,147.959499999999,1996-11-16,53.59999999999991,1996-11-01,0,GW007110,1996-11-01,0,587955,6167618,388,0.393044,8.95891,3,9,NA,20.7,NA
18,-34.6392999999999,147.938199999999,1996-11-16,53.59999999999991,1996-11-01,1,GW007115,1996-11-01,0,585984,6166558,409,1.83784,6.5029502,3,9,NA,30.8,NA
58,-34.9087,147.9618,1996-11-16,59.5,1996-11-01,15,GW011826,1996-11-25,2,587862,6136657,482,1.66509,6.9900999,3,35,NA,0,NA
21,-34.6475999999999,148.1184,1996-11-16,45.899999999999636,1996-11-01,309,GW022280,1996-11-16,0.94,602497,6165465,393,2.9962399,6.1106601,3,3,NA,0,NA
21,-34.6475999999999,148.1184,1996-11-16,45.899999999999636,1996-11-01,395,GW022280,1996-11-09,0.79,602497,6165465,393,2.9962399,6.1106601,3,3,NA,0,NA
21,-34.6475999999999,148.1184,1996-12-16,85,1996-12-01,316,GW022280,1996-12-17,1.22,602497,6165465,393,2.9962399,6.1106601,3,3,NA,0,NA
21,-34.6475999999999,148.1184,1996-12-16,85,1996-12-01,319,GW022280,1996-12-29,1.24,602497,6165465,393,2.9962399,6.1106601,3,3,NA,0,NA
21,-34.6475999999999,148.1184,1997-01-16,19.5,1997-01-01,326,GW022280,1997-01-28,1.63,602497,6165465,393,2.9962399,6.1106601,3,3,NA,0,NA
21,-34.6475999999999,148.1184,1997-01-16,19.5,1997-01-01,391,GW022280,1997-01-09,1.45,602497,6165465,393,2.9962399,6.1106601,3,3,NA,0,NA
21,-34.6475999999999,148.1184,1997-02-15,0.29999999999972715,1997-02-01,305,GW022280,1997-02-16,1.85,602497,6165465,393,2.9962399,6.1106601,3,3,NA,0,NA
21,-34.6475999999999,148.1184,1997-02-15,0.29999999999972715,1997-02-01,325,GW022280,1997-02-28,1.93,602497,6165465,393,2.9962399,6.1106601,3,3,NA,0,NA
21,-34.6475999999999,148.1184,1997-03-16,42.59999999999991,1997-03-01,337,GW022280,1997-03-24,2.06,602497,6165465,393,2.9962399,6.1106601,3,3,NA,0,NA
21,-34.6475999999999,148.1184,1997-03-16,42.59999999999991,1997-03-01,356,GW022280,1997-03-08,1.98,602497,6165465,393,2.9962399,6.1106601,3,3,NA,0,NA
21,-34.6475999999999,148.1184,1997-04-16,0,1997-04-01,295,GW022280,1997-04-22,2.21,602497,6165465,393,2.9962399,6.1106601,3,3,NA,0,NA
21,-34.6475999999999,148.1184,1997-04-16,0,1997-04-01,348,GW022280,1997-04-07,2.13,602497,6165465,393,2.9962399,6.1106601,3,3,NA,0,NA
21,-34.6475999999999,148.1184,1997-05-16,41.399999999999636,1997-05-01,287,GW022280,1997-05-19,2.16,602497,6165465,393,2.9962399,6.1106601,3,3,NA,0,NA
21,-34.6475999999999,148.1184,1997-05-16,41.399999999999636,1997-05-01,343,GW022280,1997-05-04,2.18,602497,6165465,393,2.9962399,6.1106601,3,3,NA,0,NA
21,-34.6475999999999,148.1184,1997-05-16,41.399999999999636,1997-05-01,371,GW022280,1997-05-14,2.21,602497,6165465,393,2.9962399,6.1106601,3,3,NA,0,NA
21,-34.6475999999999,148.1184,1997-06-16,42.399999999999636,1997-06-01,307,GW022280,1997-06-16,2.13,602497,6165465,393,2.9962399,6.1106601,3,3,NA,0,NA
21,-34.6475999999999,148.1184,1997-06-16,42.399999999999636,1997-06-01,328,GW022280,1997-06-27,2.06,602497,6165465,393,2.9962399,6.1106601,3,3,NA,0,NA
21,-34.6475999999999,148.1184,1997-06-16,42.399999999999636,1997-06-01,357,GW022280,1997-06-04,2.16,602497,6165465,393,2.9962399,6.1106601,3,3,NA,0,NA
21,-34.6475999999999,148.1184,1997-07-16,13.299999999999727,1997-07-01,308,GW022280,1997-07-22,2.03,602497,6165465,393,2.9962399,6.1106601,3,3,NA,0,NA
21,-34.6475999999999,148.1184,1997-07-16,13.299999999999727,1997-07-01,385,GW022280,1997-07-08,2.03,602497,6165465,393,2.9962399,6.1106601,3,3,NA,0,NA
21,-34.6475999999999,148.1184,1997-08-16,48.59999999999991,1997-08-01,304,GW022280,1997-08-16,1.8,602497,6165465,393,2.9962399,6.1106601,3,3,NA,0,NA
21,-34.6475999999999,148.1184,1997-08-16,48.59999999999991,1997-08-01,372,GW022280,1997-08-04,1.96,602497,6165465,393,2.9962399,6.1106601,3,3,NA,0,NA
21,-34.6475999999999,148.1184,1997-09-16,94.79999999999973,1997-09-01,299,GW022280,1997-09-14,1.63,602497,6165465,393,2.9962399,6.1106601,3,3,NA,0,NA
21,-34.6475999999999,148.1184,1997-09-16,94.79999999999973,1997-09-01,342,GW022280,1997-09-27,1.57,602497,6165465,393,2.9962399,6.1106601,3,3,NA,0,NA
21,-34.6475999999999,148.1184,1997-09-16,94.79999999999973,1997-09-01,369,GW022280,1997-09-01,1.8,602497,6165465,393,2.9962399,6.1106601,3,3,NA,0,NA
21,-34.6475999999999,148.1184,1997-10-16,21.799999999999727,1997-10-01,377,GW022280,1997-10-12,1.6,602497,6165465,393,2.9962399,6.1106601,3,3,NA,0,NA
21,-34.6475999999999,148.1184,1997-11-16,25.59999999999991,1997-11-01,291,GW022280,1997-11-19,2.01,602497,6165465,393,2.9962399,6.1106601,3,3,NA,0,NA
21,-34.6475999999999,148.1184,1997-11-16,25.59999999999991,1997-11-01,364,GW022280,1997-11-02,1.8,602497,6165465,393,2.9962399,6.1106601,3,3,NA,0,NA
21,-34.6475999999999,148.1184,1997-12-16,0.29999999999972715,1997-12-01,329,GW022280,1997-12-22,2.36,602497,6165465,393,2.9962399,6.1106601,3,3,NA,0,NA
21,-34.6475999999999,148.1184,1997-12-16,0.29999999999972715,1997-12-01,370,GW022280,1997-12-18,2.31,602497,6165465,393,2.9962399,6.1106601,3,3,NA,0,NA
21,-34.6475999999999,148.1184,1997-12-16,0.29999999999972715,1997-12-01,380,GW022280,1997-12-12,2.26,602497,6165465,393,2.9962399,6.1106601,3,3,NA,0,NA
21,-34.6475999999999,148.1184,1998-01-16,34.5,1998-01-01,313,GW022280,1998-01-16,2.51,602497,6165465,393,2.9962399,6.1106601,3,3,NA,0,NA
21,-34.6475999999999,148.1184,1998-01-16,34.5,1998-01-01,333,GW022280,1998-01-25,2.57,602497,6165465,393,2.9962399,6.1106601,3,3,NA,0,NA
21,-34.6475999999999,148.1184,1998-01-16,34.5,1998-01-01,379,GW022280,1998-01-12,2.49,602497,6165465,393,2.9962399,6.1106601,3,3,NA,0,NA
21,-34.6475999999999,148.1184,1998-02-15,23.899999999999636,1998-02-01,332,GW022280,1998-02-25,2.74,602497,6165465,393,2.9962399,6.1106601,3,3,NA,0,NA
21,-34.6475999999999,148.1184,1998-02-15,23.899999999999636,1998-02-01,367,GW022280,1998-02-02,2.62,602497,6165465,393,2.9962399,6.1106601,3,3,NA,0,NA
21,-34.6475999999999,148.1184,1998-02-15,23.899999999999636,1998-02-01,390,GW022280,1998-02-09,2.67,602497,6165465,393,2.9962399,6.1106601,3,3,NA,0,NA
21,-34.6475999999999,148.1184,1998-03-16,0.1999999999998181,1998-03-01,296,GW022280,1998-03-16,2.87,602497,6165465,393,2.9962399,6.1106601,3,3,NA,0,NA
21,-34.6475999999999,148.1184,1998-03-16,0.1999999999998181,1998-03-01,298,GW022280,1998-03-24,2.92,602497,6165465,393,2.9962399,6.1106601,3,3,NA,0,NA
21,-34.6475999999999,148.1184,1998-03-16,0.1999999999998181,1998-03-01,317,GW022280,1998-03-31,2.95,602497,6165465,393,2.9962399,6.1106601,3,3,NA,0,NA
21,-34.6475999999999,148.1184,1998-03-16,0.1999999999998181,1998-03-01,363,GW022280,1998-03-03,2.79,602497,6165465,393,2.9962399,6.1106601,3,3,NA,0,NA
21,-34.6475999999999,148.1184,1998-04-16,68.59999999999991,1998-04-01,285,GW022280,1998-04-19,3.02,602497,6165465,393,2.9962399,6.1106601,3,3,NA,0,NA
21,-34.6475999999999,148.1184,1998-04-16,68.59999999999991,1998-04-01,359,GW022280,1998-04-04,3,602497,6165465,393,2.9962399,6.1106601,3,3,NA,0,NA
21,-34.6475999999999,148.1184,1998-05-16,21.799999999999727,1998-05-01,366,GW022280,1998-05-02,3.05,602497,6165465,393,2.9962399,6.1106601,3,3,NA,0,NA
21,-34.6475999999999,148.1184,1998-06-16,120.59999999999991,1998-06-01,302,GW022280,1998-06-15,3.07,602497,6165465,393,2.9962399,6.1106601,3,3,NA,0,NA
21,-34.6475999999999,148.1184,1998-06-16,120.59999999999991,1998-06-01,330,GW022280,1998-06-26,2.92,602497,6165465,393,2.9962399,6.1106601,3,3,NA,0,NA
21,-34.6475999999999,148.1184,1998-06-16,120.59999999999991,1998-06-01,394,GW022280,1998-06-09,3.07,602497,6165465,393,2.9962399,6.1106601,3,3,NA,0,NA
21,-34.6475999999999,148.1184,1998-06-16,120.59999999999991,1998-06-01,401,GW022280,1998-06-01,3.05,602497,6165465,393,2.9962399,6.1106601,3,3,NA,0,NA
4,-34.5718,148.0687,1998-07-16,106.89999999999964,1998-07-01,2,GW007530,1998-07-08,2.2,598029,6173924,419,2.54354,5.6463599,2,7,NA,19.8,NA
13,-34.5915,148.0798,1998-07-16,105.79999999999973,1998-07-01,96,GW020020,1998-07-08,1.8,599025,6171727,393,1.13828,7.9900498,3,7,NA,0,NA
21,-34.6475999999999,148.1184,1998-07-16,97.39999999999964,1998-07-01,336,GW022280,1998-07-24,2.41,602497,6165465,393,2.9962399,6.1106601,3,3,NA,0,NA
21,-34.6475999999999,148.1184,1998-07-16,97.39999999999964,1998-07-01,352,GW022280,1998-07-06,2.84,602497,6165465,393,2.9962399,6.1106601,3,3,NA,0,NA
5,-34.5658999999999,148.0873,1998-07-16,114.5,1998-07-01,403,GW022543,1998-07-08,1,599743,6174553,429,1.95289,5.7581301,2,3,NA,0,NA
4,-34.5726,148.0573,1998-07-16,106.89999999999964,1998-07-01,404,GW022544,1998-07-08,2.8,596983,6173843,389,1.07498,6.70681,3,7,NA,0,NA
4,-34.5636999999999,148.0651,1998-07-16,106.89999999999964,1998-07-01,405,GW022545,1998-07-08,2.9,597707,6174821,424,5.8197799,5.4327998,1,7,NA,0,NA
21,-34.6475999999999,148.1184,1998-08-16,78.69999999999982,1998-08-01,351,GW022280,1998-08-06,1.91,602497,6165465,393,2.9962399,6.1106601,3,3,NA,0,NA
21,-34.6475999999999,148.1184,1998-09-16,86.5,1998-09-01,384,GW022280,1998-09-13,0.71,602497,6165465,393,2.9962399,6.1106601,3,3,NA,0,NA
21,-34.6475999999999,148.1184,1998-10-16,56.69999999999982,1998-10-01,378,GW022280,1998-10-12,0.74,602497,6165465,393,2.9962399,6.1106601,3,3,NA,0,NA
21,-34.6475999999999,148.1184,1998-11-16,57.29999999999973,1998-11-01,314,GW022280,1998-11-26,1.24,602497,6165465,393,2.9962399,6.1106601,3,3,NA,0,NA
21,-34.6475999999999,148.1184,1998-12-16,13.799999999999727,1998-12-01,321,GW022280,1998-12-28,1.68,602497,6165465,393,2.9962399,6.1106601,3,3,NA,0,NA
29,-34.7068,148.0804,1999-01-16,95.69999999999982,1999-01-01,37,GW014595,1999-01-15,0,598939,6158942,320,0.739595,7.92557,4,1,NA,13.1,NA
13,-34.5915,148.0798,1999-01-16,97.29999999999973,1999-01-01,95,GW020020,1999-01-15,3.9,599025,6171727,393,1.13828,7.9900498,3,7,NA,0,NA
29,-34.7008999999999,148.088699999999,1999-01-16,95.69999999999982,1999-01-01,120,GW020081,1999-01-15,3.1,599709,6159581,325,0.327336,9.6672802,4,1,NA,0,NA
29,-34.7029,148.0815,1999-01-16,95.69999999999982,1999-01-01,216,GW020352,1999-01-15,0,599045,6159372,321,0.654672,8.2234802,3,1,NA,0,NA
37,-34.7665,148.0909,1999-01-16,94.39999999999964,1999-01-01,280,GW020775,1999-01-15,8.02999999999999,599834,6152308,285,0.990438,6.7207298,3,1,NA,18.3,NA
11,-34.6122999999999,147.9768,1999-01-16,98.79999999999973,1999-01-01,283,GW021206,1999-01-15,10.69,589552,6169512,404,0.555647,8.4369202,2,8,NA,41.6,NA
21,-34.6475999999999,148.1184,1999-01-16,98,1999-01-01,301,GW022280,1999-01-15,1.6,602497,6165465,393,2.9962399,6.1106601,3,3,NA,0,NA
21,-34.6475999999999,148.1184,1999-01-16,98,1999-01-01,398,GW022280,1999-01-11,1.8,602497,6165465,393,2.9962399,6.1106601,3,3,NA,0,NA
13,-34.5936999999999,148.0773,2001-04-16,55.79999999999973,2001-04-01,8,GW007531,2001-04-03,1.03,598793,6171483,395,3.18401,5.7307901,2,7,NA,33.2,NA
13,-34.5915,148.0798,2001-04-16,55.79999999999973,2001-04-01,97,GW020020,2001-04-03,0,599025,6171727,393,1.13828,7.9900498,3,7,NA,0,NA
13,-34.5936999999999,148.0773,2001-10-16,51,2001-10-01,7,GW007531,2001-10-23,0.8,598793,6171483,395,3.18401,5.7307901,2,7,NA,33.2,NA
13,-34.5936999999999,148.0773,2002-03-16,27.199999999999818,2002-03-01,4,GW007531,2002-03-20,1.56,598793,6171483,395,3.18401,5.7307901,2,7,NA,33.2,NA
13,-34.5936999999999,148.0773,2002-10-16,1.199999999999818,2002-10-01,9,GW007531,2002-10-16,1.05,598793,6171483,395,3.18401,5.7307901,2,7,NA,33.2,NA
13,-34.5936999999999,148.0773,2003-04-16,31.699999999999818,2003-04-01,11,GW007531,2003-04-15,13.1999999999999,598793,6171483,395,3.18401,5.7307901,2,7,NA,33.2,NA
13,-34.5936999999999,148.0773,2003-10-16,51.899999999999636,2003-10-01,5,GW007531,2003-10-28,1.34,598793,6171483,395,3.18401,5.7307901,2,7,NA,33.2,NA
20,-34.6304999999999,148.026,2004-03-16,0.09999999999990905,2004-03-01,2322,GW402710,2004-03-07,4,594042,6167452,329,0.892551,6.8749299,5,1,NA,20,NA
13,-34.5936999999999,148.0773,2004-04-16,4.299999999999727,2004-04-01,3,GW007531,2004-04-20,2.75,598793,6171483,395,3.18401,5.7307901,2,7,NA,33.2,NA
13,-34.5936999999999,148.0773,2004-10-16,37.29999999999973,2004-10-01,10,GW007531,2004-10-20,1.9,598793,6171483,395,3.18401,5.7307901,2,7,NA,33.2,NA
13,-34.5936999999999,148.0773,2005-04-16,5.099999999999909,2005-04-01,12,GW007531,2005-04-12,2.97,598793,6171483,395,3.18401,5.7307901,2,7,NA,33.2,NA
13,-34.5936999999999,148.0773,2005-10-16,63,2005-10-01,14,GW007531,2005-10-18,1.3,598793,6171483,395,3.18401,5.7307901,2,7,NA,33.2,NA
13,-34.5936999999999,148.0773,2006-04-16,15.799999999999727,2006-04-01,13,GW007531,2006-04-11,2.62,598793,6171483,395,3.18401,5.7307901,2,7,NA,33.2,NA
13,-34.5936999999999,148.0773,2006-10-16,0,2006-10-01,6,GW007531,2006-10-24,2.58,598793,6171483,395,3.18401,5.7307901,2,7,NA,33.2,NA
